{"train_loss": 1.7724337577819824, "train_acc": 0.6875, "epoch": 0, "trainer/global_step": 149, "_timestamp": 1673864033.8136551, "_runtime": 54.908555030822754, "_step": 2}