{"train_loss": 1.7347092628479004, "train_acc": 0.71875, "epoch": 0, "trainer/global_step": 149, "_timestamp": 1673864144.6644855, "_runtime": 27.802886486053467, "_step": 2, "_wandb": {"runtime": 26}}